item_id,abc_class,xyz_class,abc_xyz_segment,avg_daily_demand,std_daily_demand,cv_demand,avg_price,lead_time_days,target_service_level,z_score,lead_time_demand,safety_stock,safety_stock_units,reorder_point,reorder_point_units,replenishment_policy
FOODS_1_218,A,Y,AY,11.7026,9.3254,0.7969,0.98,7,0.95,1.65,81.92,40.71,41,122.63,123,Continuous Review (Weekly Reorder Trigger) | High Service Level 95%
FOODS_1_085,A,Y,AY,10.6419,6.9478,0.6529,0.98,7,0.95,1.65,74.49,30.33,31,104.82,105,Continuous Review (Weekly Reorder Trigger) | High Service Level 95%
FOODS_1_018,A,Y,AY,9.7062,6.544,0.6742,0.98,7,0.95,1.65,67.94,28.57,29,96.51,97,Continuous Review (Weekly Reorder Trigger) | High Service Level 95%
FOODS_1_161,A,Y,AY,8.7862,6.9433,0.7903,0.98,7,0.95,1.65,61.5,30.31,31,91.81,92,Continuous Review (Weekly Reorder Trigger) | High Service Level 95%
FOODS_1_004,A,Z,AZ,8.2577,8.8662,1.0737,1.85,7,0.95,1.65,57.8,38.71,39,96.51,97,Bi-Weekly Review + Safety Buffer | Monitor Demand Spikes Closely
FOODS_1_032,A,Z,AZ,7.7109,8.7501,1.1348,0.98,7,0.95,1.65,53.98,38.2,39,92.18,93,Bi-Weekly Review + Safety Buffer | Monitor Demand Spikes Closely
FOODS_1_046,A,Y,AY,7.1302,5.7704,0.8093,0.98,7,0.95,1.65,49.91,25.19,26,75.1,76,Continuous Review (Weekly Reorder Trigger) | High Service Level 95%
FOODS_1_099,A,Z,AZ,6.8082,8.0347,1.1802,0.98,7,0.95,1.65,47.66,35.08,36,82.74,83,Bi-Weekly Review + Safety Buffer | Monitor Demand Spikes Closely
FOODS_1_043,A,Z,AZ,6.5954,6.5966,1.0002,1.85,7,0.95,1.65,46.17,28.8,29,74.97,75,Bi-Weekly Review + Safety Buffer | Monitor Demand Spikes Closely
FOODS_1_086,A,Y,AY,5.5321,4.4389,0.8024,1.68,7,0.95,1.65,38.72,19.38,20,58.1,59,Continuous Review (Weekly Reorder Trigger) | High Service Level 95%
FOODS_1_110,A,Z,AZ,4.7465,5.2992,1.1164,1.85,7,0.95,1.65,33.23,23.13,24,56.36,57,Bi-Weekly Review + Safety Buffer | Monitor Demand Spikes Closely
FOODS_1_019,A,Z,AZ,4.0523,5.2549,1.2968,1.05,7,0.95,1.65,28.37,22.94,23,51.31,52,Bi-Weekly Review + Safety Buffer | Monitor Demand Spikes Closely
FOODS_1_021,A,Z,AZ,3.8092,6.5088,1.7087,0.98,7,0.95,1.65,26.66,28.41,29,55.07,56,Bi-Weekly Review + Safety Buffer | Monitor Demand Spikes Closely
FOODS_1_162,A,Z,AZ,3.5353,4.7288,1.3376,1.86,7,0.95,1.65,24.75,20.64,21,45.39,46,Bi-Weekly Review + Safety Buffer | Monitor Demand Spikes Closely
FOODS_1_173,A,Z,AZ,3.5107,4.5488,1.2957,1.98,7,0.95,1.65,24.57,19.86,20,44.43,45,Bi-Weekly Review + Safety Buffer | Monitor Demand Spikes Closely
FOODS_1_200,A,Z,AZ,2.9509,5.6803,1.9249,0.98,7,0.95,1.65,20.66,24.8,25,45.46,46,Bi-Weekly Review + Safety Buffer | Monitor Demand Spikes Closely
FOODS_1_058,A,Z,AZ,2.9404,3.6493,1.2411,1.85,7,0.95,1.65,20.58,15.93,16,36.51,37,Bi-Weekly Review + Safety Buffer | Monitor Demand Spikes Closely
FOODS_1_113,A,Z,AZ,2.8474,4.5943,1.6135,0.98,7,0.95,1.65,19.93,20.06,21,39.99,40,Bi-Weekly Review + Safety Buffer | Monitor Demand Spikes Closely
FOODS_1_206,A,Z,AZ,2.805,3.4095,1.2155,1.99,7,0.95,1.65,19.64,14.88,15,34.52,35,Bi-Weekly Review + Safety Buffer | Monitor Demand Spikes Closely
FOODS_1_055,A,Z,AZ,2.793,4.6256,1.6561,3.9,7,0.95,1.65,19.55,20.19,21,39.74,40,Bi-Weekly Review + Safety Buffer | Monitor Demand Spikes Closely
FOODS_1_067,A,Z,AZ,2.7439,3.5434,1.2914,1.98,7,0.95,1.65,19.21,15.47,16,34.68,35,Bi-Weekly Review + Safety Buffer | Monitor Demand Spikes Closely
FOODS_1_012,A,Z,AZ,2.7245,2.7835,1.0217,5.5,7,0.95,1.65,19.07,12.15,13,31.22,32,Bi-Weekly Review + Safety Buffer | Monitor Demand Spikes Closely
FOODS_1_045,A,Z,AZ,2.6644,2.7249,1.0227,1.84,7,0.95,1.65,18.65,11.9,12,30.55,31,Bi-Weekly Review + Safety Buffer | Monitor Demand Spikes Closely
FOODS_1_183,A,Y,AY,2.6116,2.4738,0.9472,2.95,7,0.95,1.65,18.28,10.8,11,29.08,30,Continuous Review (Weekly Reorder Trigger) | High Service Level 95%
FOODS_1_137,A,Z,AZ,2.5264,3.6509,1.4451,1.98,7,0.95,1.65,17.68,15.94,16,33.62,34,Bi-Weekly Review + Safety Buffer | Monitor Demand Spikes Closely
FOODS_1_170,A,Z,AZ,2.5123,3.5448,1.411,5.5,7,0.95,1.65,17.59,15.47,16,33.06,34,Bi-Weekly Review + Safety Buffer | Monitor Demand Spikes Closely
FOODS_1_219,A,Z,AZ,2.4647,2.8297,1.1481,2.16,7,0.95,1.65,17.25,12.35,13,29.6,30,Bi-Weekly Review + Safety Buffer | Monitor Demand Spikes Closely
FOODS_1_154,A,Z,AZ,2.4543,3.5415,1.443,1.47,7,0.95,1.65,17.18,15.46,16,32.64,33,Bi-Weekly Review + Safety Buffer | Monitor Demand Spikes Closely
FOODS_1_172,A,Y,AY,2.3272,2.0919,0.8989,1.88,7,0.95,1.65,16.29,9.13,10,25.42,26,Continuous Review (Weekly Reorder Trigger) | High Service Level 95%
FOODS_1_112,A,Z,AZ,2.3183,2.469,1.065,1.98,7,0.95,1.65,16.23,10.78,11,27.01,28,Bi-Weekly Review + Safety Buffer | Monitor Demand Spikes Closely
FOODS_1_184,A,Z,AZ,2.311,3.2209,1.3937,1.0,7,0.95,1.65,16.18,14.06,15,30.24,31,Bi-Weekly Review + Safety Buffer | Monitor Demand Spikes Closely
FOODS_1_082,A,Z,AZ,2.2802,4.0794,1.7891,0.98,7,0.95,1.65,15.96,17.81,18,33.77,34,Bi-Weekly Review + Safety Buffer | Monitor Demand Spikes Closely
FOODS_1_040,A,Z,AZ,2.2175,2.3924,1.0789,1.84,7,0.95,1.65,15.52,10.44,11,25.96,26,Bi-Weekly Review + Safety Buffer | Monitor Demand Spikes Closely
FOODS_1_166,A,Z,AZ,2.1777,2.5025,1.1491,2.16,7,0.95,1.65,15.24,10.92,11,26.16,27,Bi-Weekly Review + Safety Buffer | Monitor Demand Spikes Closely
FOODS_1_217,A,Z,AZ,2.1035,2.8982,1.3778,3.33,7,0.95,1.65,14.72,12.65,13,27.37,28,Bi-Weekly Review + Safety Buffer | Monitor Demand Spikes Closely
FOODS_1_153,A,Y,AY,2.0768,2.0161,0.9708,1.88,7,0.95,1.65,14.54,8.8,9,23.34,24,Continuous Review (Weekly Reorder Trigger) | High Service Level 95%
FOODS_1_194,A,Z,AZ,2.0742,2.1945,1.058,4.7,7,0.95,1.65,14.52,9.58,10,24.1,25,Bi-Weekly Review + Safety Buffer | Monitor Demand Spikes Closely
FOODS_1_201,A,Z,AZ,2.0486,2.4721,1.2067,2.16,7,0.95,1.65,14.34,10.79,11,25.13,26,Bi-Weekly Review + Safety Buffer | Monitor Demand Spikes Closely
FOODS_1_044,A,Z,AZ,2.0204,3.0548,1.512,2.81,7,0.95,1.65,14.14,13.34,14,27.48,28,Bi-Weekly Review + Safety Buffer | Monitor Demand Spikes Closely
FOODS_1_036,A,Z,AZ,1.9603,2.228,1.1366,1.76,7,0.95,1.65,13.72,9.73,10,23.45,24,Bi-Weekly Review + Safety Buffer | Monitor Demand Spikes Closely
FOODS_1_181,A,Z,AZ,1.9294,2.5451,1.3191,1.32,7,0.95,1.65,13.51,11.11,12,24.62,25,Bi-Weekly Review + Safety Buffer | Monitor Demand Spikes Closely
FOODS_1_054,A,Z,AZ,1.8076,1.8369,1.0162,1.88,7,0.95,1.65,12.65,8.02,9,20.67,21,Bi-Weekly Review + Safety Buffer | Monitor Demand Spikes Closely
FOODS_1_104,A,Z,AZ,1.7731,2.4163,1.3628,3.33,7,0.95,1.65,12.41,10.55,11,22.96,23,Bi-Weekly Review + Safety Buffer | Monitor Demand Spikes Closely
FOODS_1_087,A,Z,AZ,1.7156,2.2437,1.3078,5.5,7,0.95,1.65,12.01,9.79,10,21.8,22,Bi-Weekly Review + Safety Buffer | Monitor Demand Spikes Closely
FOODS_1_130,A,Z,AZ,1.7088,1.8496,1.0824,1.75,7,0.95,1.65,11.96,8.07,9,20.03,21,Bi-Weekly Review + Safety Buffer | Monitor Demand Spikes Closely
FOODS_1_120,A,Z,AZ,1.6968,2.1809,1.2853,1.85,7,0.95,1.65,11.88,9.52,10,21.4,22,Bi-Weekly Review + Safety Buffer | Monitor Demand Spikes Closely
FOODS_1_061,A,Z,AZ,1.6451,1.8817,1.1438,2.17,7,0.95,1.65,11.52,8.21,9,19.73,20,Bi-Weekly Review + Safety Buffer | Monitor Demand Spikes Closely
FOODS_1_027,A,Z,AZ,1.5463,2.997,1.9382,1.86,7,0.95,1.65,10.82,13.08,14,23.9,24,Bi-Weekly Review + Safety Buffer | Monitor Demand Spikes Closely
FOODS_1_088,A,Z,AZ,1.5416,2.1051,1.3655,4.86,7,0.95,1.65,10.79,9.19,10,19.98,20,Bi-Weekly Review + Safety Buffer | Monitor Demand Spikes Closely
FOODS_1_074,A,Z,AZ,1.5379,2.0049,1.3037,2.23,7,0.95,1.65,10.77,8.75,9,19.52,20,Bi-Weekly Review + Safety Buffer | Monitor Demand Spikes Closely
FOODS_1_064,A,Z,AZ,1.5191,1.6031,1.0553,2.62,7,0.95,1.65,10.63,7.0,7,17.63,18,Bi-Weekly Review + Safety Buffer | Monitor Demand Spikes Closely
FOODS_1_127,A,Z,AZ,1.5091,1.8301,1.2127,1.99,7,0.95,1.65,10.56,7.99,8,18.55,19,Bi-Weekly Review + Safety Buffer | Monitor Demand Spikes Closely
FOODS_1_006,A,Z,AZ,1.5024,1.8692,1.2441,2.21,7,0.95,1.65,10.52,8.16,9,18.68,19,Bi-Weekly Review + Safety Buffer | Monitor Demand Spikes Closely
FOODS_1_083,A,Z,AZ,1.4558,2.0045,1.3769,1.98,7,0.95,1.65,10.19,8.75,9,18.94,19,Bi-Weekly Review + Safety Buffer | Monitor Demand Spikes Closely
FOODS_1_103,A,Z,AZ,1.414,1.9761,1.3975,3.95,7,0.95,1.65,9.9,8.63,9,18.53,19,Bi-Weekly Review + Safety Buffer | Monitor Demand Spikes Closely
FOODS_1_208,A,Z,AZ,1.3806,1.8648,1.3507,1.85,7,0.95,1.65,9.66,8.14,9,17.8,18,Bi-Weekly Review + Safety Buffer | Monitor Demand Spikes Closely
FOODS_1_207,A,Z,AZ,1.3246,1.5476,1.1684,3.29,7,0.95,1.65,9.27,6.76,7,16.03,17,Bi-Weekly Review + Safety Buffer | Monitor Demand Spikes Closely
FOODS_1_106,A,Z,AZ,1.3105,1.5439,1.1781,3.31,7,0.95,1.65,9.17,6.74,7,15.91,16,Bi-Weekly Review + Safety Buffer | Monitor Demand Spikes Closely
FOODS_1_023,A,Z,AZ,1.3074,2.0691,1.5826,5.5,7,0.95,1.65,9.15,9.03,10,18.18,19,Bi-Weekly Review + Safety Buffer | Monitor Demand Spikes Closely
FOODS_1_016,A,Z,AZ,1.2446,1.608,1.292,2.07,7,0.95,1.65,8.71,7.02,8,15.73,16,Bi-Weekly Review + Safety Buffer | Monitor Demand Spikes Closely
FOODS_1_150,A,Z,AZ,1.2133,1.6401,1.3518,4.86,7,0.95,1.65,8.49,7.16,8,15.65,16,Bi-Weekly Review + Safety Buffer | Monitor Demand Spikes Closely
FOODS_1_196,A,Z,AZ,1.2112,1.7142,1.4153,1.98,7,0.95,1.65,8.48,7.48,8,15.96,16,Bi-Weekly Review + Safety Buffer | Monitor Demand Spikes Closely
FOODS_1_024,A,Z,AZ,1.1845,1.469,1.2402,4.7,7,0.95,1.65,8.29,6.41,7,14.7,15,Bi-Weekly Review + Safety Buffer | Monitor Demand Spikes Closely
FOODS_1_073,A,Z,AZ,1.1735,1.4601,1.2442,1.98,7,0.95,1.65,8.21,6.37,7,14.58,15,Bi-Weekly Review + Safety Buffer | Monitor Demand Spikes Closely
FOODS_1_005,A,Z,AZ,1.1626,2.0157,1.7338,3.33,7,0.95,1.65,8.14,8.8,9,16.94,17,Bi-Weekly Review + Safety Buffer | Monitor Demand Spikes Closely
FOODS_1_197,A,Z,AZ,1.1129,1.3606,1.2226,4.86,7,0.95,1.65,7.79,5.94,6,13.73,14,Bi-Weekly Review + Safety Buffer | Monitor Demand Spikes Closely
FOODS_1_187,A,Z,AZ,1.1025,1.4438,1.3096,9.17,7,0.95,1.65,7.72,6.3,7,14.02,15,Bi-Weekly Review + Safety Buffer | Monitor Demand Spikes Closely
FOODS_1_185,A,Z,AZ,1.0753,1.4251,1.3253,2.17,7,0.95,1.65,7.53,6.22,7,13.75,14,Bi-Weekly Review + Safety Buffer | Monitor Demand Spikes Closely
FOODS_1_031,A,Z,AZ,1.0711,1.7342,1.6191,3.37,7,0.95,1.65,7.5,7.57,8,15.07,16,Bi-Weekly Review + Safety Buffer | Monitor Demand Spikes Closely
FOODS_1_037,A,Z,AZ,1.0685,1.985,1.8577,3.22,7,0.95,1.65,7.48,8.67,9,16.15,17,Bi-Weekly Review + Safety Buffer | Monitor Demand Spikes Closely
FOODS_1_020,A,Z,AZ,1.0601,1.2484,1.1776,2.65,7,0.95,1.65,7.42,5.45,6,12.87,13,Bi-Weekly Review + Safety Buffer | Monitor Demand Spikes Closely
FOODS_1_180,A,Z,AZ,1.0376,1.9768,1.9052,9.59,7,0.95,1.65,7.26,8.63,9,15.89,16,Bi-Weekly Review + Safety Buffer | Monitor Demand Spikes Closely
FOODS_1_047,A,Z,AZ,1.012,1.4552,1.4379,3.34,7,0.95,1.65,7.08,6.35,7,13.43,14,Bi-Weekly Review + Safety Buffer | Monitor Demand Spikes Closely
FOODS_1_195,A,Z,AZ,1.0042,1.4593,1.4532,2.23,7,0.95,1.65,7.03,6.37,7,13.4,14,Bi-Weekly Review + Safety Buffer | Monitor Demand Spikes Closely
FOODS_1_174,A,Z,AZ,0.9749,1.2845,1.3176,4.86,7,0.95,1.65,6.82,5.61,6,12.43,13,Bi-Weekly Review + Safety Buffer | Monitor Demand Spikes Closely
FOODS_1_152,A,Z,AZ,0.9336,1.2536,1.3428,8.07,7,0.95,1.65,6.54,5.47,6,12.01,13,Bi-Weekly Review + Safety Buffer | Monitor Demand Spikes Closely
FOODS_1_075,A,Z,AZ,0.9174,1.5109,1.6469,3.33,7,0.95,1.65,6.42,6.6,7,13.02,14,Bi-Weekly Review + Safety Buffer | Monitor Demand Spikes Closely
FOODS_1_108,A,Z,AZ,0.897,1.3685,1.5256,2.5,7,0.95,1.65,6.28,5.97,6,12.25,13,Bi-Weekly Review + Safety Buffer | Monitor Demand Spikes Closely
FOODS_1_114,A,Z,AZ,0.8798,1.2844,1.4599,3.33,7,0.95,1.65,6.16,5.61,6,11.77,12,Bi-Weekly Review + Safety Buffer | Monitor Demand Spikes Closely
FOODS_1_090,A,Z,AZ,0.8798,1.7441,1.9824,3.33,7,0.95,1.65,6.16,7.61,8,13.77,14,Bi-Weekly Review + Safety Buffer | Monitor Demand Spikes Closely
FOODS_1_081,A,Z,AZ,0.8725,1.6227,1.8598,5.5,7,0.95,1.65,6.11,7.08,8,13.19,14,Bi-Weekly Review + Safety Buffer | Monitor Demand Spikes Closely
FOODS_1_177,A,Z,AZ,0.8625,1.1614,1.3466,8.61,7,0.95,1.65,6.04,5.07,6,11.11,12,Bi-Weekly Review + Safety Buffer | Monitor Demand Spikes Closely
FOODS_1_133,A,Z,AZ,0.8589,1.8355,2.137,3.18,7,0.95,1.65,6.01,8.01,9,14.02,15,Bi-Weekly Review + Safety Buffer | Monitor Demand Spikes Closely
FOODS_1_123,A,Z,AZ,0.8479,1.5656,1.8464,3.33,7,0.95,1.65,5.94,6.83,7,12.77,13,Bi-Weekly Review + Safety Buffer | Monitor Demand Spikes Closely
FOODS_1_167,A,Z,AZ,0.84,1.1519,1.3713,4.7,7,0.95,1.65,5.88,5.03,6,10.91,11,Bi-Weekly Review + Safety Buffer | Monitor Demand Spikes Closely
FOODS_1_144,A,Z,AZ,0.8353,1.0822,1.2956,6.96,7,0.95,1.65,5.85,4.72,5,10.57,11,Bi-Weekly Review + Safety Buffer | Monitor Demand Spikes Closely
FOODS_1_003,A,Z,AZ,0.8322,1.1632,1.3977,2.97,7,0.95,1.65,5.83,5.08,6,10.91,11,Bi-Weekly Review + Safety Buffer | Monitor Demand Spikes Closely
FOODS_1_094,A,Z,AZ,0.816,1.2769,1.5648,3.31,7,0.95,1.65,5.71,5.57,6,11.28,12,Bi-Weekly Review + Safety Buffer | Monitor Demand Spikes Closely
FOODS_1_214,A,Z,AZ,0.7967,1.0697,1.3427,2.95,7,0.95,1.65,5.58,4.67,5,10.25,11,Bi-Weekly Review + Safety Buffer | Monitor Demand Spikes Closely
FOODS_1_076,A,Z,AZ,0.7862,1.0165,1.2929,5.5,7,0.95,1.65,5.5,4.44,5,9.94,10,Bi-Weekly Review + Safety Buffer | Monitor Demand Spikes Closely
FOODS_1_216,A,Z,AZ,0.7763,1.3006,1.6754,4.95,7,0.95,1.65,5.43,5.68,6,11.11,12,Bi-Weekly Review + Safety Buffer | Monitor Demand Spikes Closely
FOODS_1_080,A,Z,AZ,0.7747,1.1683,1.5081,7.47,7,0.95,1.65,5.42,5.1,6,10.52,11,Bi-Weekly Review + Safety Buffer | Monitor Demand Spikes Closely
FOODS_1_175,A,Z,AZ,0.7674,1.2139,1.5818,2.97,7,0.95,1.65,5.37,5.3,6,10.67,11,Bi-Weekly Review + Safety Buffer | Monitor Demand Spikes Closely
FOODS_1_115,A,Z,AZ,0.7067,1.4515,2.0539,3.58,7,0.95,1.65,4.95,6.34,7,11.29,12,Bi-Weekly Review + Safety Buffer | Monitor Demand Spikes Closely
FOODS_1_128,A,Z,AZ,0.702,1.2438,1.7718,3.94,7,0.95,1.65,4.91,5.43,6,10.34,11,Bi-Weekly Review + Safety Buffer | Monitor Demand Spikes Closely
FOODS_1_141,A,Z,AZ,0.6806,1.043,1.5325,3.32,7,0.95,1.65,4.76,4.55,5,9.31,10,Bi-Weekly Review + Safety Buffer | Monitor Demand Spikes Closely
FOODS_1_140,A,Z,AZ,0.6602,1.0483,1.5879,6.93,7,0.95,1.65,4.62,4.58,5,9.2,10,Bi-Weekly Review + Safety Buffer | Monitor Demand Spikes Closely
FOODS_1_065,A,Z,AZ,0.6534,1.1193,1.713,3.3,7,0.95,1.65,4.57,4.89,5,9.46,10,Bi-Weekly Review + Safety Buffer | Monitor Demand Spikes Closely
FOODS_1_178,A,Z,AZ,0.6419,0.9101,1.4178,9.26,7,0.95,1.65,4.49,3.97,4,8.46,9,Bi-Weekly Review + Safety Buffer | Monitor Demand Spikes Closely
FOODS_1_136,A,Z,AZ,0.6174,1.1278,1.8267,4.7,7,0.95,1.65,4.32,4.92,5,9.24,10,Bi-Weekly Review + Safety Buffer | Monitor Demand Spikes Closely
FOODS_1_062,A,Z,AZ,0.5776,0.9986,1.7289,4.0,7,0.95,1.65,4.04,4.36,5,8.4,9,Bi-Weekly Review + Safety Buffer | Monitor Demand Spikes Closely
FOODS_1_038,A,Z,AZ,0.5405,0.9024,1.6696,9.18,7,0.95,1.65,3.78,3.94,4,7.72,8,Bi-Weekly Review + Safety Buffer | Monitor Demand Spikes Closely
FOODS_1_050,A,Z,AZ,0.5154,0.9958,1.9321,5.98,7,0.95,1.65,3.61,4.35,5,7.96,8,Bi-Weekly Review + Safety Buffer | Monitor Demand Spikes Closely
FOODS_1_026,A,Z,AZ,0.5107,0.8928,1.7482,6.95,7,0.95,1.65,3.57,3.9,4,7.47,8,Bi-Weekly Review + Safety Buffer | Monitor Demand Spikes Closely
FOODS_1_002,A,Z,AZ,0.4778,0.8038,1.6823,8.92,7,0.95,1.65,3.34,3.51,4,6.85,7,Bi-Weekly Review + Safety Buffer | Monitor Demand Spikes Closely
FOODS_1_205,A,Z,AZ,0.4626,0.8401,1.816,4.96,7,0.95,1.65,3.24,3.67,4,6.91,7,Bi-Weekly Review + Safety Buffer | Monitor Demand Spikes Closely
FOODS_1_199,A,Z,AZ,0.4339,0.9942,2.2913,5.49,7,0.95,1.65,3.04,4.34,5,7.38,8,Bi-Weekly Review + Safety Buffer | Monitor Demand Spikes Closely
FOODS_1_186,A,Z,AZ,0.4255,0.7741,1.8193,5.98,7,0.95,1.65,2.98,3.38,4,6.36,7,Bi-Weekly Review + Safety Buffer | Monitor Demand Spikes Closely
FOODS_1_129,A,Z,AZ,0.4119,0.8671,2.1051,5.98,7,0.95,1.65,2.88,3.79,4,6.67,7,Bi-Weekly Review + Safety Buffer | Monitor Demand Spikes Closely
FOODS_1_042,B,Z,BZ,1.9587,3.4281,1.7502,0.98,7,0.9,1.28,13.71,11.61,12,25.32,26,Periodic Review (Bi-Weekly) | Standard Reorder Trigger
FOODS_1_139,B,Z,BZ,1.9305,2.6414,1.3682,0.98,7,0.9,1.28,13.51,8.95,9,22.46,23,Periodic Review (Bi-Weekly) | Standard Reorder Trigger
FOODS_1_204,B,Z,BZ,1.9226,2.9441,1.5313,0.98,7,0.9,1.28,13.46,9.97,10,23.43,24,Periodic Review (Bi-Weekly) | Standard Reorder Trigger
FOODS_1_163,B,Z,BZ,1.9043,4.4535,2.3387,0.98,7,0.9,1.28,13.33,15.08,16,28.41,29,Periodic Review (Bi-Weekly) | Standard Reorder Trigger
FOODS_1_013,B,Z,BZ,1.3314,2.0391,1.5315,1.47,7,0.9,1.28,9.32,6.91,7,16.23,17,Periodic Review (Bi-Weekly) | Standard Reorder Trigger
FOODS_1_066,B,Z,BZ,1.3241,1.8657,1.409,1.36,7,0.9,1.28,9.27,6.32,7,15.59,16,Periodic Review (Bi-Weekly) | Standard Reorder Trigger
FOODS_1_190,B,Z,BZ,1.1688,2.1908,1.8744,0.98,7,0.9,1.28,8.18,7.42,8,15.6,16,Periodic Review (Bi-Weekly) | Standard Reorder Trigger
FOODS_1_215,B,Z,BZ,1.1009,1.9237,1.7474,1.75,7,0.9,1.28,7.71,6.51,7,14.22,15,Periodic Review (Bi-Weekly) | Standard Reorder Trigger
FOODS_1_210,B,Z,BZ,1.0821,1.8947,1.7509,1.87,7,0.9,1.28,7.57,6.42,7,13.99,14,Periodic Review (Bi-Weekly) | Standard Reorder Trigger
FOODS_1_105,B,Z,BZ,1.024,1.6464,1.6078,1.92,7,0.9,1.28,7.17,5.58,6,12.75,13,Periodic Review (Bi-Weekly) | Standard Reorder Trigger
FOODS_1_117,B,Z,BZ,1.0052,1.4395,1.4321,2.17,7,0.9,1.28,7.04,4.87,5,11.91,12,Periodic Review (Bi-Weekly) | Standard Reorder Trigger
FOODS_1_049,B,Z,BZ,0.9854,1.7401,1.7659,2.24,7,0.9,1.28,6.9,5.89,6,12.79,13,Periodic Review (Bi-Weekly) | Standard Reorder Trigger
FOODS_1_092,B,Z,BZ,0.9645,1.6206,1.6802,1.86,7,0.9,1.28,6.75,5.49,6,12.24,13,Periodic Review (Bi-Weekly) | Standard Reorder Trigger
FOODS_1_041,B,Z,BZ,0.9383,1.3585,1.4478,2.23,7,0.9,1.28,6.57,4.6,5,11.17,12,Periodic Review (Bi-Weekly) | Standard Reorder Trigger
FOODS_1_124,B,Z,BZ,0.9347,1.5268,1.6335,2.17,7,0.9,1.28,6.54,5.17,6,11.71,12,Periodic Review (Bi-Weekly) | Standard Reorder Trigger
FOODS_1_192,B,Z,BZ,0.8923,1.2638,1.4163,2.35,7,0.9,1.28,6.25,4.28,5,10.53,11,Periodic Review (Bi-Weekly) | Standard Reorder Trigger
FOODS_1_063,B,Z,BZ,0.8688,1.1481,1.3215,2.21,7,0.9,1.28,6.08,3.89,4,9.97,10,Periodic Review (Bi-Weekly) | Standard Reorder Trigger
FOODS_1_142,B,Z,BZ,0.8228,1.4081,1.7114,1.47,7,0.9,1.28,5.76,4.77,5,10.53,11,Periodic Review (Bi-Weekly) | Standard Reorder Trigger
FOODS_1_146,B,Z,BZ,0.8129,1.2164,1.4964,2.23,7,0.9,1.28,5.69,4.12,5,9.81,10,Periodic Review (Bi-Weekly) | Standard Reorder Trigger
FOODS_1_001,B,Z,BZ,0.7857,1.2581,1.6012,2.17,7,0.9,1.28,5.5,4.26,5,9.76,10,Periodic Review (Bi-Weekly) | Standard Reorder Trigger
FOODS_1_132,B,Z,BZ,0.7799,1.5759,2.0206,1.86,7,0.9,1.28,5.46,5.34,6,10.8,11,Periodic Review (Bi-Weekly) | Standard Reorder Trigger
FOODS_1_069,B,Z,BZ,0.7794,1.5803,2.0276,2.51,7,0.9,1.28,5.46,5.35,6,10.81,11,Periodic Review (Bi-Weekly) | Standard Reorder Trigger
FOODS_1_213,B,Z,BZ,0.7397,1.1649,1.5748,2.32,7,0.9,1.28,5.18,3.95,4,9.13,10,Periodic Review (Bi-Weekly) | Standard Reorder Trigger
FOODS_1_091,B,Z,BZ,0.7297,1.1249,1.5416,2.34,7,0.9,1.28,5.11,3.81,4,8.92,9,Periodic Review (Bi-Weekly) | Standard Reorder Trigger
FOODS_1_182,B,Z,BZ,0.7277,1.2637,1.7366,2.01,7,0.9,1.28,5.09,4.28,5,9.37,10,Periodic Review (Bi-Weekly) | Standard Reorder Trigger
FOODS_1_203,B,Z,BZ,0.7271,1.51,2.0767,2.17,7,0.9,1.28,5.09,5.11,6,10.2,11,Periodic Review (Bi-Weekly) | Standard Reorder Trigger
FOODS_1_035,B,Z,BZ,0.7188,1.5997,2.2255,2.52,7,0.9,1.28,5.03,5.42,6,10.45,11,Periodic Review (Bi-Weekly) | Standard Reorder Trigger
FOODS_1_168,B,Z,BZ,0.7172,1.1782,1.6428,2.16,7,0.9,1.28,5.02,3.99,4,9.01,10,Periodic Review (Bi-Weekly) | Standard Reorder Trigger
FOODS_1_143,B,Z,BZ,0.7146,1.4168,1.9826,1.98,7,0.9,1.28,5.0,4.8,5,9.8,10,Periodic Review (Bi-Weekly) | Standard Reorder Trigger
FOODS_1_102,B,Z,BZ,0.6984,1.1027,1.5789,1.76,7,0.9,1.28,4.89,3.73,4,8.62,9,Periodic Review (Bi-Weekly) | Standard Reorder Trigger
FOODS_1_015,B,Z,BZ,0.6806,1.4824,2.1781,3.2,7,0.9,1.28,4.76,5.02,6,9.78,10,Periodic Review (Bi-Weekly) | Standard Reorder Trigger
FOODS_1_209,B,Z,BZ,0.6654,1.0114,1.52,2.35,7,0.9,1.28,4.66,3.43,4,8.09,9,Periodic Review (Bi-Weekly) | Standard Reorder Trigger
FOODS_1_071,B,Z,BZ,0.6472,1.2931,1.998,1.98,7,0.9,1.28,4.53,4.38,5,8.91,9,Periodic Review (Bi-Weekly) | Standard Reorder Trigger
FOODS_1_138,B,Z,BZ,0.6336,1.4205,2.242,2.51,7,0.9,1.28,4.44,4.81,5,9.25,10,Periodic Review (Bi-Weekly) | Standard Reorder Trigger
FOODS_1_011,B,Z,BZ,0.6158,1.2236,1.987,2.52,7,0.9,1.28,4.31,4.14,5,8.45,9,Periodic Review (Bi-Weekly) | Standard Reorder Trigger
FOODS_1_028,B,Z,BZ,0.6079,1.6277,2.6776,2.86,7,0.9,1.28,4.26,5.51,6,9.77,10,Periodic Review (Bi-Weekly) | Standard Reorder Trigger
FOODS_1_188,B,Z,BZ,0.587,1.2761,2.1739,2.98,7,0.9,1.28,4.11,4.32,5,8.43,9,Periodic Review (Bi-Weekly) | Standard Reorder Trigger
FOODS_1_134,B,Z,BZ,0.587,1.1962,2.0378,1.98,7,0.9,1.28,4.11,4.05,5,8.16,9,Periodic Review (Bi-Weekly) | Standard Reorder Trigger
FOODS_1_039,B,Z,BZ,0.5478,1.0934,1.996,2.48,7,0.9,1.28,3.83,3.7,4,7.53,8,Periodic Review (Bi-Weekly) | Standard Reorder Trigger
FOODS_1_030,B,Z,BZ,0.5337,1.1338,2.1244,3.18,7,0.9,1.28,3.74,3.84,4,7.58,8,Periodic Review (Bi-Weekly) | Standard Reorder Trigger
FOODS_1_051,B,Z,BZ,0.5159,1.0962,2.1248,3.87,7,0.9,1.28,3.61,3.71,4,7.32,8,Periodic Review (Bi-Weekly) | Standard Reorder Trigger
FOODS_1_156,B,Z,BZ,0.5107,0.9391,1.8388,2.37,7,0.9,1.28,3.57,3.18,4,6.75,7,Periodic Review (Bi-Weekly) | Standard Reorder Trigger
FOODS_1_176,B,Z,BZ,0.506,1.2384,2.4474,3.23,7,0.9,1.28,3.54,4.19,5,7.73,8,Periodic Review (Bi-Weekly) | Standard Reorder Trigger
FOODS_1_198,B,Z,BZ,0.495,1.1662,2.356,2.52,7,0.9,1.28,3.46,3.95,4,7.41,8,Periodic Review (Bi-Weekly) | Standard Reorder Trigger
FOODS_1_116,B,Z,BZ,0.4773,1.1221,2.3509,2.51,7,0.9,1.28,3.34,3.8,4,7.14,8,Periodic Review (Bi-Weekly) | Standard Reorder Trigger
FOODS_1_025,B,Z,BZ,0.4496,0.9014,2.0049,4.1,7,0.9,1.28,3.15,3.05,4,6.2,7,Periodic Review (Bi-Weekly) | Standard Reorder Trigger
FOODS_1_119,B,Z,BZ,0.4381,0.9202,2.1004,3.33,7,0.9,1.28,3.07,3.12,4,6.19,7,Periodic Review (Bi-Weekly) | Standard Reorder Trigger
FOODS_1_158,B,Z,BZ,0.4297,0.769,1.7896,4.68,7,0.9,1.28,3.01,2.6,3,5.61,6,Periodic Review (Bi-Weekly) | Standard Reorder Trigger
FOODS_1_068,B,Z,BZ,0.4203,1.033,2.4578,3.58,7,0.9,1.28,2.94,3.5,4,6.44,7,Periodic Review (Bi-Weekly) | Standard Reorder Trigger
FOODS_1_169,B,Z,BZ,0.4104,1.0869,2.6484,3.29,7,0.9,1.28,2.87,3.68,4,6.55,7,Periodic Review (Bi-Weekly) | Standard Reorder Trigger
FOODS_1_072,B,Z,BZ,0.3968,0.8384,2.1129,4.87,7,0.9,1.28,2.78,2.84,3,5.62,6,Periodic Review (Bi-Weekly) | Standard Reorder Trigger
FOODS_1_053,B,Z,BZ,0.3826,0.8214,2.1469,5.55,7,0.9,1.28,2.68,2.78,3,5.46,6,Periodic Review (Bi-Weekly) | Standard Reorder Trigger
FOODS_1_193,B,Z,BZ,0.3398,1.0383,3.0556,4.7,7,0.9,1.28,2.38,3.52,4,5.9,6,Periodic Review (Bi-Weekly) | Standard Reorder Trigger
FOODS_1_147,B,Z,BZ,0.3116,0.7226,2.319,4.74,7,0.9,1.28,2.18,2.45,3,4.63,5,Periodic Review (Bi-Weekly) | Standard Reorder Trigger
FOODS_1_096,B,Z,BZ,0.3084,0.6517,2.1132,5.91,7,0.9,1.28,2.16,2.21,3,4.37,5,Periodic Review (Bi-Weekly) | Standard Reorder Trigger
FOODS_1_034,B,Z,BZ,0.3068,0.6488,2.1147,5.52,7,0.9,1.28,2.15,2.2,3,4.35,5,Periodic Review (Bi-Weekly) | Standard Reorder Trigger
FOODS_1_033,B,Z,BZ,0.3021,0.8161,2.7014,5.38,7,0.9,1.28,2.11,2.76,3,4.87,5,Periodic Review (Bi-Weekly) | Standard Reorder Trigger
FOODS_1_048,B,Z,BZ,0.3001,0.7173,2.3902,5.98,7,0.9,1.28,2.1,2.43,3,4.53,5,Periodic Review (Bi-Weekly) | Standard Reorder Trigger
FOODS_1_125,B,Z,BZ,0.2729,0.7458,2.7329,5.17,7,0.9,1.28,1.91,2.53,3,4.44,5,Periodic Review (Bi-Weekly) | Standard Reorder Trigger
FOODS_1_171,B,Z,BZ,0.2556,0.8514,3.331,4.7,7,0.9,1.28,1.79,2.88,3,4.67,5,Periodic Review (Bi-Weekly) | Standard Reorder Trigger
FOODS_1_059,B,Z,BZ,0.2541,0.7891,3.1055,4.71,7,0.9,1.28,1.78,2.67,3,4.45,5,Periodic Review (Bi-Weekly) | Standard Reorder Trigger
FOODS_1_151,B,Z,BZ,0.1887,0.5377,2.8495,11.4,7,0.9,1.28,1.32,1.82,2,3.14,4,Periodic Review (Bi-Weekly) | Standard Reorder Trigger
FOODS_1_155,C,Z,CZ,1.1495,1.8965,1.6498,0.98,7,0.9,1.28,8.05,6.42,7,14.47,15,Monthly Periodic Review / Minimum Batch Reorder | Avoid Excess Stock
FOODS_1_145,C,Z,CZ,1.0643,1.6845,1.5827,0.98,7,0.9,1.28,7.45,5.7,6,13.15,14,Monthly Periodic Review / Minimum Batch Reorder | Avoid Excess Stock
FOODS_1_097,C,Z,CZ,1.0559,1.6829,1.5938,0.98,7,0.9,1.28,7.39,5.7,6,13.09,14,Monthly Periodic Review / Minimum Batch Reorder | Avoid Excess Stock
FOODS_1_202,C,Z,CZ,1.0094,1.8221,1.8051,0.98,7,0.9,1.28,7.07,6.17,7,13.24,14,Monthly Periodic Review / Minimum Batch Reorder | Avoid Excess Stock
FOODS_1_052,C,Z,CZ,0.7716,1.3322,1.7265,0.98,7,0.9,1.28,5.4,4.51,5,9.91,10,Monthly Periodic Review / Minimum Batch Reorder | Avoid Excess Stock
FOODS_1_121,C,Z,CZ,0.7219,1.3472,1.8662,1.26,7,0.9,1.28,5.05,4.56,5,9.61,10,Monthly Periodic Review / Minimum Batch Reorder | Avoid Excess Stock
FOODS_1_149,C,Z,CZ,0.6963,1.3665,1.9625,0.98,7,0.9,1.28,4.87,4.63,5,9.5,10,Monthly Periodic Review / Minimum Batch Reorder | Avoid Excess Stock
FOODS_1_118,C,Z,CZ,0.6722,1.5062,2.2407,0.98,7,0.9,1.28,4.71,5.1,6,9.81,10,Monthly Periodic Review / Minimum Batch Reorder | Avoid Excess Stock
FOODS_1_014,C,Z,CZ,0.5923,1.2417,2.0964,0.98,7,0.9,1.28,4.15,4.21,5,8.36,9,Monthly Periodic Review / Minimum Batch Reorder | Avoid Excess Stock
FOODS_1_070,C,Z,CZ,0.551,1.3338,2.4207,0.98,7,0.9,1.28,3.86,4.52,5,8.38,9,Monthly Periodic Review / Minimum Batch Reorder | Avoid Excess Stock
FOODS_1_101,C,Z,CZ,0.5494,1.0618,1.9327,1.98,7,0.9,1.28,3.85,3.6,4,7.45,8,Monthly Periodic Review / Minimum Batch Reorder | Avoid Excess Stock
FOODS_1_109,C,Z,CZ,0.4867,0.9745,2.0023,2.23,7,0.9,1.28,3.41,3.3,4,6.71,7,Monthly Periodic Review / Minimum Batch Reorder | Avoid Excess Stock
FOODS_1_009,C,Z,CZ,0.4642,1.047,2.2555,2.4,7,0.9,1.28,3.25,3.55,4,6.8,7,Monthly Periodic Review / Minimum Batch Reorder | Avoid Excess Stock
FOODS_1_017,C,Z,CZ,0.4417,1.1552,2.6153,2.36,7,0.9,1.28,3.09,3.91,4,7.0,7,Monthly Periodic Review / Minimum Batch Reorder | Avoid Excess Stock
FOODS_1_122,C,Z,CZ,0.4334,1.2324,2.8436,1.98,7,0.9,1.28,3.03,4.17,5,7.2,8,Monthly Periodic Review / Minimum Batch Reorder | Avoid Excess Stock
FOODS_1_135,C,Z,CZ,0.4083,0.98,2.4002,2.51,7,0.9,1.28,2.86,3.32,4,6.18,7,Monthly Periodic Review / Minimum Batch Reorder | Avoid Excess Stock
FOODS_1_189,C,Z,CZ,0.3461,1.1317,3.2699,2.37,7,0.9,1.28,2.42,3.83,4,6.25,7,Monthly Periodic Review / Minimum Batch Reorder | Avoid Excess Stock
FOODS_1_126,C,Z,CZ,0.322,0.8868,2.754,2.38,7,0.9,1.28,2.25,3.0,3,5.25,6,Monthly Periodic Review / Minimum Batch Reorder | Avoid Excess Stock
FOODS_1_060,C,Z,CZ,0.3105,0.798,2.57,1.68,7,0.9,1.28,2.17,2.7,3,4.87,5,Monthly Periodic Review / Minimum Batch Reorder | Avoid Excess Stock
FOODS_1_078,C,Z,CZ,0.2812,0.7587,2.6981,3.34,7,0.9,1.28,1.97,2.57,3,4.54,5,Monthly Periodic Review / Minimum Batch Reorder | Avoid Excess Stock
FOODS_1_131,C,Z,CZ,0.264,0.8451,3.2011,2.88,7,0.9,1.28,1.85,2.86,3,4.71,5,Monthly Periodic Review / Minimum Batch Reorder | Avoid Excess Stock
FOODS_1_056,C,Z,CZ,0.2373,0.6669,2.8104,2.24,7,0.9,1.28,1.66,2.26,3,3.92,4,Monthly Periodic Review / Minimum Batch Reorder | Avoid Excess Stock
FOODS_1_008,C,Z,CZ,0.2331,0.6929,2.9725,3.38,7,0.9,1.28,1.63,2.35,3,3.98,4,Monthly Periodic Review / Minimum Batch Reorder | Avoid Excess Stock
FOODS_1_057,C,Z,CZ,0.2279,0.6215,2.7271,2.35,7,0.9,1.28,1.6,2.1,3,3.7,4,Monthly Periodic Review / Minimum Batch Reorder | Avoid Excess Stock
FOODS_1_029,C,Z,CZ,0.2169,0.5474,2.5237,4.03,7,0.9,1.28,1.52,1.85,2,3.37,4,Monthly Periodic Review / Minimum Batch Reorder | Avoid Excess Stock
FOODS_1_179,C,Z,CZ,0.2138,0.9718,4.5454,3.58,7,0.9,1.28,1.5,3.29,4,4.79,5,Monthly Periodic Review / Minimum Batch Reorder | Avoid Excess Stock
FOODS_1_095,C,Z,CZ,0.2086,0.6966,3.3394,3.02,7,0.9,1.28,1.46,2.36,3,3.82,4,Monthly Periodic Review / Minimum Batch Reorder | Avoid Excess Stock
FOODS_1_093,C,Z,CZ,0.1945,0.6237,3.2067,5.5,7,0.9,1.28,1.36,2.11,3,3.47,4,Monthly Periodic Review / Minimum Batch Reorder | Avoid Excess Stock
FOODS_1_089,C,Z,CZ,0.1903,0.5896,3.0983,3.41,7,0.9,1.28,1.33,2.0,2,3.33,4,Monthly Periodic Review / Minimum Batch Reorder | Avoid Excess Stock
FOODS_1_191,C,Z,CZ,0.1835,0.5317,2.8975,5.5,7,0.9,1.28,1.28,1.8,2,3.08,4,Monthly Periodic Review / Minimum Batch Reorder | Avoid Excess Stock
FOODS_1_212,C,Z,CZ,0.1756,0.4889,2.7842,6.13,7,0.9,1.28,1.23,1.66,2,2.89,3,Monthly Periodic Review / Minimum Batch Reorder | Avoid Excess Stock
FOODS_1_107,C,Z,CZ,0.1725,0.6192,3.5896,5.45,7,0.9,1.28,1.21,2.1,3,3.31,4,Monthly Periodic Review / Minimum Batch Reorder | Avoid Excess Stock
FOODS_1_148,C,Z,CZ,0.1709,0.5727,3.3511,4.73,7,0.9,1.28,1.2,1.94,2,3.14,4,Monthly Periodic Review / Minimum Batch Reorder | Avoid Excess Stock
FOODS_1_010,C,Z,CZ,0.1662,0.5579,3.3568,5.37,7,0.9,1.28,1.16,1.89,2,3.05,4,Monthly Periodic Review / Minimum Batch Reorder | Avoid Excess Stock
FOODS_1_111,C,Z,CZ,0.1652,0.5123,3.1011,5.98,7,0.9,1.28,1.16,1.73,2,2.89,3,Monthly Periodic Review / Minimum Batch Reorder | Avoid Excess Stock
FOODS_1_211,C,Z,CZ,0.1605,0.5601,3.4897,5.49,7,0.9,1.28,1.12,1.9,2,3.02,4,Monthly Periodic Review / Minimum Batch Reorder | Avoid Excess Stock
FOODS_1_077,C,Z,CZ,0.1469,0.5009,3.4098,3.06,7,0.9,1.28,1.03,1.7,2,2.73,3,Monthly Periodic Review / Minimum Batch Reorder | Avoid Excess Stock
FOODS_1_157,C,Z,CZ,0.139,0.458,3.295,4.7,7,0.9,1.28,0.97,1.55,2,2.52,3,Monthly Periodic Review / Minimum Batch Reorder | Avoid Excess Stock
FOODS_1_160,C,Z,CZ,0.1213,0.4481,3.6941,2.24,7,0.9,1.28,0.85,1.52,2,2.37,3,Monthly Periodic Review / Minimum Batch Reorder | Avoid Excess Stock
FOODS_1_159,C,Z,CZ,0.1145,0.4065,3.5502,4.72,7,0.9,1.28,0.8,1.38,2,2.18,3,Monthly Periodic Review / Minimum Batch Reorder | Avoid Excess Stock
FOODS_1_164,C,Z,CZ,0.1025,0.4818,4.7005,5.36,7,0.9,1.28,0.72,1.63,2,2.35,3,Monthly Periodic Review / Minimum Batch Reorder | Avoid Excess Stock
FOODS_1_022,C,Z,CZ,0.0653,0.29,4.441,4.6,7,0.9,1.28,0.46,0.98,1,1.44,2,Monthly Periodic Review / Minimum Batch Reorder | Avoid Excess Stock
FOODS_1_098,C,Z,CZ,0.0648,0.3687,5.6898,4.57,7,0.9,1.28,0.45,1.25,2,1.7,2,Monthly Periodic Review / Minimum Batch Reorder | Avoid Excess Stock
FOODS_1_084,C,Z,CZ,0.0554,0.2765,4.991,5.43,7,0.9,1.28,0.39,0.94,1,1.33,2,Monthly Periodic Review / Minimum Batch Reorder | Avoid Excess Stock
FOODS_1_079,C,Z,CZ,0.0429,0.2652,6.1818,5.44,7,0.9,1.28,0.3,0.9,1,1.2,2,Monthly Periodic Review / Minimum Batch Reorder | Avoid Excess Stock
